INSERT INTO fooditems VALUES (0, 'SCHEZWAN RICE');
INSERT INTO fooditems VALUES (1, 'BASMATTI RICE');
INSERT INTO fooditems VALUES (2, 'NORMAL RICE');
INSERT INTO fooditems VALUES (3, 'LEMON RICE');
INSERT INTO fooditems VALUES (4, 'VEG. BIRYANI');
INSERT INTO fooditems VALUES (5, 'NON VEG. BIRYANI');
INSERT INTO fooditems VALUES (6, 'DRY ROTI');
INSERT INTO fooditems VALUES (7, 'GHEE ROTI');
INSERT INTO fooditems VALUES (8, 'RUMALI ROTI');
INSERT INTO fooditems VALUES (9, 'MOONG DAL');
INSERT INTO fooditems VALUES (10, 'BLACK DAL');
INSERT INTO fooditems VALUES (11, 'IDLI');
INSERT INTO fooditems VALUES (12, 'DOSA');
INSERT INTO fooditems VALUES (13, 'POHA');
INSERT INTO fooditems VALUES (14, 'SAMOSA');
INSERT INTO fooditems VALUES (15, 'DAHI VADA');
INSERT INTO fooditems VALUES (16, 'SABUDANA VADA');
INSERT INTO fooditems VALUES (17, 'CURRY MAGGI');
INSERT INTO fooditems VALUES (18, 'HAKKA NOODLES');
INSERT INTO fooditems VALUES (19, 'TEA');
INSERT INTO fooditems VALUES (20, 'COFFEE');
INSERT INTO fooditems VALUES (21, 'BHINDI');
INSERT INTO fooditems VALUES (22, 'GATTE KA SABJI');
INSERT INTO fooditems VALUES (23, 'BRINJAL');
INSERT INTO fooditems VALUES (24, 'CHOLA');
INSERT INTO fooditems VALUES (25, 'BHATURA');

INSERT INTO foodtype VALUES (0, 'LUNCH');
INSERT INTO foodtype VALUES (1, 'LUNCH');
INSERT INTO foodtype VALUES (0, 'DINNER');
INSERT INTO foodtype VALUES (1, 'DINNER');
INSERT INTO foodtype VALUES (2, 'LUNCH');
INSERT INTO foodtype VALUES (2, 'DINNER');
INSERT INTO foodtype VALUES (3, 'LUNCH');
INSERT INTO foodtype VALUES (3, 'DINNER');
INSERT INTO foodtype VALUES (4, 'LUNCH');
INSERT INTO foodtype VALUES (4, 'DINNER');
INSERT INTO foodtype VALUES (5, 'LUNCH');
INSERT INTO foodtype VALUES (5, 'DINNER');
INSERT INTO foodtype VALUES (6, 'DINNER');
INSERT INTO foodtype VALUES (7, 'DINNER');
INSERT INTO foodtype VALUES (8, 'DINNER');
INSERT INTO foodtype VALUES (9, 'DINNER');
INSERT INTO foodtype VALUES (10, 'DINNER');
INSERT INTO foodtype VALUES (6, 'LUNCH');
INSERT INTO foodtype VALUES (7, 'LUNCH');
INSERT INTO foodtype VALUES (8, 'LUNCH');
INSERT INTO foodtype VALUES (9, 'LUNCH');
INSERT INTO foodtype VALUES (10, 'LUNCH');
INSERT INTO foodtype VALUES (11, 'BREAKFAST');
INSERT INTO foodtype VALUES (11, 'TIFFIN');
INSERT INTO foodtype VALUES (12, 'TIFFIN');
INSERT INTO foodtype VALUES (13, 'BREAKFAST');
INSERT INTO foodtype VALUES (13, 'TIFFIN');
INSERT INTO foodtype VALUES (13, 'MIDNIGHT');
INSERT INTO foodtype VALUES (14, 'TIFFIN');
INSERT INTO foodtype VALUES (15, 'TIFFIN');
INSERT INTO foodtype VALUES (16, 'TIFFIN');
INSERT INTO foodtype VALUES (17, 'TIFFIN');
INSERT INTO foodtype VALUES (17, 'MIDNIGHT');
INSERT INTO foodtype VALUES (18, 'TIFFIN');
INSERT INTO foodtype VALUES (18, 'MIDNIGHT');
INSERT INTO foodtype VALUES (19, 'BREAKFAST');
INSERT INTO foodtype VALUES (19, 'TIFFIN');
INSERT INTO foodtype VALUES (19, 'MIDNIGHT');
INSERT INTO foodtype VALUES (20, 'BREAKFAST');
INSERT INTO foodtype VALUES (20, 'TIFFIN');
INSERT INTO foodtype VALUES (20, 'MIDNIGHT');
INSERT INTO foodtype VALUES (21, 'LUNCH');
INSERT INTO foodtype VALUES (21, 'DINNER');
INSERT INTO foodtype VALUES (22, 'LUNCH');
INSERT INTO foodtype VALUES (22, 'DINNER');
INSERT INTO foodtype VALUES (23, 'LUNCH');
INSERT INTO foodtype VALUES (23, 'DINNER');
INSERT INTO foodtype VALUES (24, 'DINNER');
INSERT INTO foodtype VALUES (24, 'LUNCH');
INSERT INTO foodtype VALUES (25, 'LUNCH');


insert into timeFoodType values ('BREAKFAST', '7:00:00', '12:00:00');
insert into timeFoodType values ('LUNCH', '12:00:00', '16:30:00');
insert into timeFoodType values ('TIFFIN', '16:30:00', '19:30:00');
insert into timeFoodType values ('DINNER', '19:30:00', '23:59:00');
insert into timeFoodType values ('MIDNIGHT', '00:00:00', '7:00:00');